word,data_d1_to_d7,expected_codeword,memristor_codeword,functional_pass,energy_j,latency_s,xor_ops,pulses,array_memristors_min,selected_memristors_per_xor
0,0000000,000000000000,000000000000,True,4.5319999999999996e-14,4.2e-08,22,88,14,3
1,1000000,111000000001,111000000001,True,1.7996000000000001e-12,4.2e-08,22,88,14,3
2,0100000,100110000001,100110000001,True,1.4907200000000001e-12,4.2e-08,22,88,14,3
3,1100000,011110000000,011110000000,True,7.7792e-13,4.2e-08,22,88,14,3
4,0010000,010101000001,010101000001,True,1.4907200000000001e-12,4.2e-08,22,88,14,3
5,1010000,101101000000,101101000000,True,9.8384e-13,4.2e-08,22,88,14,3
6,0110000,110011000000,110011000000,True,1.0868000000000002e-12,4.2e-08,22,88,14,3
7,1110000,001011000001,001011000001,True,9.878e-13,4.2e-08,22,88,14,3
8,0001000,110100100000,110100100000,True,1.2887600000000003e-12,4.2e-08,22,88,14,3
9,1001000,001100100001,001100100001,True,7.779200000000001e-13,4.2e-08,22,88,14,3
10,0101000,010010100001,010010100001,True,1.0868000000000002e-12,4.2e-08,22,88,14,3
11,1101000,101010100000,101010100000,True,9.917600000000002e-13,4.2e-08,22,88,14,3
12,0011000,100001100001,100001100001,True,1.0868000000000002e-12,4.2e-08,22,88,14,3
13,1011000,011001100000,011001100000,True,1.1976800000000002e-12,4.2e-08,22,88,14,3
14,0111000,000111100000,000111100000,True,1.09472e-12,4.2e-08,22,88,14,3
15,1111000,111111100001,111111100001,True,1.2016400000000001e-12,4.2e-08,22,88,14,3
16,0000100,100000011001,100000011001,True,8.729600000000001e-13,4.2e-08,22,88,14,3
17,1000100,011000011000,011000011000,True,1.39568e-12,4.2e-08,22,88,14,3
18,0100100,000110011000,000110011000,True,1.0868000000000002e-12,4.2e-08,22,88,14,3
19,1100100,111110011001,111110011001,True,1.60556e-12,4.2e-08,22,88,14,3
20,0010100,110101011000,110101011000,True,1.4986400000000002e-12,4.2e-08,22,88,14,3
21,1010100,001101011001,001101011001,True,1.3996400000000003e-12,4.2e-08,22,88,14,3
22,0110100,010011011001,010011011001,True,1.5026e-12,4.2e-08,22,88,14,3
23,1110100,101011011000,101011011000,True,9.957200000000001e-13,4.2e-08,22,88,14,3
24,0001100,010100111001,010100111001,True,1.0868000000000002e-12,4.2e-08,22,88,14,3
25,1001100,101100111000,101100111000,True,1.4036000000000002e-12,4.2e-08,22,88,14,3
26,0101100,110010111000,110010111000,True,1.7124800000000002e-12,4.2e-08,22,88,14,3
27,1101100,001010111001,001010111001,True,7.897999999999999e-13,4.2e-08,22,88,14,3
28,0011100,000001111000,000001111000,True,1.30064e-12,4.2e-08,22,88,14,3
29,1011100,111001111001,111001111001,True,1.4075600000000003e-12,4.2e-08,22,88,14,3
30,0111100,100111111001,100111111001,True,1.3046000000000001e-12,4.2e-08,22,88,14,3
31,1111100,011111111000,011111111000,True,1.4154800000000003e-12,4.2e-08,22,88,14,3
32,0000010,010000010101,010000010101,True,8.729600000000001e-13,4.2e-08,22,88,14,3
33,1000010,101000010100,101000010100,True,1.6016e-12,4.2e-08,22,88,14,3
34,0100010,110110010100,110110010100,True,1.7045600000000002e-12,4.2e-08,22,88,14,3
35,1100010,001110010101,001110010101,True,1.1937200000000003e-12,4.2e-08,22,88,14,3
36,0010010,000101010100,000101010100,True,1.0868000000000002e-12,4.2e-08,22,88,14,3
37,1010010,111101010101,111101010101,True,1.60556e-12,4.2e-08,22,88,14,3
38,0110010,100011010101,100011010101,True,1.29668e-12,4.2e-08,22,88,14,3
39,1110010,011011010100,011011010100,True,9.957200000000001e-13,4.2e-08,22,88,14,3
40,0001010,100100110101,100100110101,True,1.2927200000000002e-12,4.2e-08,22,88,14,3
41,1001010,011100110100,011100110100,True,1.4036000000000002e-12,4.2e-08,22,88,14,3
42,0101010,000010110100,000010110100,True,1.30064e-12,4.2e-08,22,88,14,3
43,1101010,111010110101,111010110101,True,1.4075600000000003e-12,4.2e-08,22,88,14,3
44,0011010,110001110100,110001110100,True,1.5065600000000002e-12,4.2e-08,22,88,14,3
45,1011010,001001110101,001001110101,True,9.957200000000001e-13,4.2e-08,22,88,14,3
46,0111010,010111110101,010111110101,True,1.3046000000000001e-12,4.2e-08,22,88,14,3
47,1111010,101111110100,101111110100,True,1.2095600000000004e-12,4.2e-08,22,88,14,3
48,0000110,110000001100,110000001100,True,6.7496e-13,4.2e-08,22,88,14,3
49,1000110,001000001101,001000001101,True,1.39964e-12,4.2e-08,22,88,14,3
50,0100110,010110001101,010110001101,True,1.5026e-12,4.2e-08,22,88,14,3
51,1100110,101110001100,101110001100,True,9.957200000000001e-13,4.2e-08,22,88,14,3
52,0010110,100101001101,100101001101,True,1.29668e-12,4.2e-08,22,88,14,3
53,1010110,011101001100,011101001100,True,9.957200000000001e-13,4.2e-08,22,88,14,3
54,0110110,000011001100,000011001100,True,6.868400000000001e-13,4.2e-08,22,88,14,3
55,1110110,111011001101,111011001101,True,1.2056e-12,4.2e-08,22,88,14,3
56,0001110,000100101100,000100101100,True,8.888000000000001e-13,4.2e-08,22,88,14,3
57,1001110,111100101101,111100101101,True,1.4075600000000001e-12,4.2e-08,22,88,14,3
58,0101110,100010101101,100010101101,True,1.3046000000000001e-12,4.2e-08,22,88,14,3
59,1101110,011010101100,011010101100,True,1.0036400000000002e-12,4.2e-08,22,88,14,3
60,0011110,010001101101,010001101101,True,1.0986800000000001e-12,4.2e-08,22,88,14,3
61,1011110,101001101100,101001101100,True,1.0036400000000002e-12,4.2e-08,22,88,14,3
62,0111110,110111101100,110111101100,True,1.3125200000000001e-12,4.2e-08,22,88,14,3
63,1111110,001111101101,001111101101,True,8.0168e-13,4.2e-08,22,88,14,3
64,0000001,110000010010,110000010010,True,6.710000000000001e-13,4.2e-08,22,88,14,3
65,1000001,001000010011,001000010011,True,1.3956800000000002e-12,4.2e-08,22,88,14,3
66,0100001,010110010011,010110010011,True,1.4986400000000002e-12,4.2e-08,22,88,14,3
67,1100001,101110010010,101110010010,True,9.917600000000002e-13,4.2e-08,22,88,14,3
68,0010001,100101010011,100101010011,True,1.4986400000000002e-12,4.2e-08,22,88,14,3
69,1010001,011101010010,011101010010,True,1.1976800000000002e-12,4.2e-08,22,88,14,3
70,0110001,000011010010,000011010010,True,1.3006400000000002e-12,4.2e-08,22,88,14,3
71,1110001,111011010011,111011010011,True,9.957200000000001e-13,4.2e-08,22,88,14,3
72,0001001,000100110010,000100110010,True,1.09076e-12,4.2e-08,22,88,14,3
73,1001001,111100110011,111100110011,True,1.1976800000000002e-12,4.2e-08,22,88,14,3
74,0101001,100010110011,100010110011,True,1.09472e-12,4.2e-08,22,88,14,3
75,1101001,011010110010,011010110010,True,1.2056e-12,4.2e-08,22,88,14,3
76,0011001,010001110011,010001110011,True,1.09472e-12,4.2e-08,22,88,14,3
77,1011001,101001110010,101001110010,True,1.41152e-12,4.2e-08,22,88,14,3
78,0111001,110111110010,110111110010,True,1.3085600000000002e-12,4.2e-08,22,88,14,3
79,1111001,001111110011,001111110011,True,1.2095600000000001e-12,4.2e-08,22,88,14,3
80,0000101,010000001011,010000001011,True,8.808800000000001e-13,4.2e-08,22,88,14,3
81,1000101,101000001010,101000001010,True,1.1976800000000002e-12,4.2e-08,22,88,14,3
82,0100101,110110001010,110110001010,True,1.3006400000000002e-12,4.2e-08,22,88,14,3
83,1100101,001110001011,001110001011,True,1.2016400000000001e-12,4.2e-08,22,88,14,3
84,0010101,000101001010,000101001010,True,1.3006400000000002e-12,4.2e-08,22,88,14,3
85,1010101,111101001011,111101001011,True,1.4075600000000001e-12,4.2e-08,22,88,14,3
86,0110101,100011001011,100011001011,True,1.5105200000000003e-12,4.2e-08,22,88,14,3
87,1110101,011011001010,011011001010,True,7.977200000000002e-13,4.2e-08,22,88,14,3
88,0001101,100100101011,100100101011,True,1.09472e-12,4.2e-08,22,88,14,3
89,1001101,011100101010,011100101010,True,1.2056e-12,4.2e-08,22,88,14,3
90,0101101,000010101010,000010101010,True,1.1026400000000002e-12,4.2e-08,22,88,14,3
91,1101101,111010101011,111010101011,True,1.2095600000000001e-12,4.2e-08,22,88,14,3
92,0011101,110001101010,110001101010,True,1.1026400000000002e-12,4.2e-08,22,88,14,3
93,1011101,001001101011,001001101011,True,1.4154800000000001e-12,4.2e-08,22,88,14,3
94,0111101,010111101011,010111101011,True,1.3125200000000001e-12,4.2e-08,22,88,14,3
95,1111101,101111101010,101111101010,True,1.2174800000000002e-12,4.2e-08,22,88,14,3
96,0000011,100000000111,100000000111,True,8.808800000000001e-13,4.2e-08,22,88,14,3
97,1000011,011000000110,011000000110,True,1.4036000000000002e-12,4.2e-08,22,88,14,3
98,0100011,000110000110,000110000110,True,1.5065600000000002e-12,4.2e-08,22,88,14,3
99,1100011,111110000111,111110000111,True,1.2016400000000001e-12,4.2e-08,22,88,14,3
100,0010011,110101000110,110101000110,True,1.3006400000000002e-12,4.2e-08,22,88,14,3
101,1010011,001101000111,001101000111,True,1.2016400000000001e-12,4.2e-08,22,88,14,3
102,0110011,010011000111,010011000111,True,1.3046000000000003e-12,4.2e-08,22,88,14,3
103,1110011,101011000110,101011000110,True,7.977200000000002e-13,4.2e-08,22,88,14,3
104,0001011,010100100111,010100100111,True,1.30064e-12,4.2e-08,22,88,14,3
105,1001011,101100100110,101100100110,True,1.2056e-12,4.2e-08,22,88,14,3
106,0101011,110010100110,110010100110,True,1.1026400000000002e-12,4.2e-08,22,88,14,3
107,1101011,001010100111,001010100111,True,1.4154800000000001e-12,4.2e-08,22,88,14,3
108,0011011,000001100110,000001100110,True,8.9672e-13,4.2e-08,22,88,14,3
109,1011011,111001100111,111001100111,True,1.4154800000000001e-12,4.2e-08,22,88,14,3
110,0111011,100111100111,100111100111,True,1.3125200000000001e-12,4.2e-08,22,88,14,3
111,1111011,011111100110,011111100110,True,1.0115600000000002e-12,4.2e-08,22,88,14,3
112,0000111,000000011110,000000011110,True,8.888e-13,4.2e-08,22,88,14,3
113,1000111,111000011111,111000011111,True,1.4075600000000001e-12,4.2e-08,22,88,14,3
114,0100111,100110011111,100110011111,True,1.5105200000000003e-12,4.2e-08,22,88,14,3
115,1100111,011110011110,011110011110,True,1.2095600000000001e-12,4.2e-08,22,88,14,3
116,0010111,010101011111,010101011111,True,1.3046000000000003e-12,4.2e-08,22,88,14,3
117,1010111,101101011110,101101011110,True,1.2095600000000001e-12,4.2e-08,22,88,14,3
118,0110111,110011011110,110011011110,True,1.3125200000000001e-12,4.2e-08,22,88,14,3
119,1110111,001011011111,001011011111,True,8.016800000000001e-13,4.2e-08,22,88,14,3
120,0001111,110100111110,110100111110,True,1.1026400000000002e-12,4.2e-08,22,88,14,3
121,1001111,001100111111,001100111111,True,1.4154800000000001e-12,4.2e-08,22,88,14,3
122,0101111,010010111111,010010111111,True,1.3125200000000001e-12,4.2e-08,22,88,14,3
123,1101111,101010111110,101010111110,True,1.2174800000000002e-12,4.2e-08,22,88,14,3
124,0011111,100001111111,100001111111,True,1.1066000000000002e-12,4.2e-08,22,88,14,3
125,1011111,011001111110,011001111110,True,1.2174800000000002e-12,4.2e-08,22,88,14,3
126,0111111,000111111110,000111111110,True,1.1145200000000002e-12,4.2e-08,22,88,14,3
127,1111111,111111111111,111111111111,True,1.22144e-12,4.2e-08,22,88,14,3
