architecture,energy_per_encoded_bit,energy_per_operation,experiment_id,frequency_hz,functional_failure_reasons,functional_pass,input_pattern,level,load_ff,model,output_swing,pavg,pdp,raw_log,simulation_file,status,temp,temperature_c,tfall,tnom,tpd,tphl,tplh,transistor_count,trise,validation_errors,vdd,voh,vol
CMOS,,,EXP-XOR-CMOS-NOM,125000000.0,[],True,two-input exhaustive periodic,XOR,10.0,PTM-65nm-beta-2006,1.199775027722946,2.19716694712e-06,2.0615201656552737e-16,ltspice/xor/cmos/EXP-XOR-CMOS-NOM.log,ltspice/xor/cmos/EXP-XOR-CMOS-NOM.cir,Validated,27.0,27.0,1.5306455698e-10,27.0,9.382628699915e-11,8.18024119053e-11,1.05850162093e-10,12,2.26788415266e-10,[],1.2,1.19988834858,0.000113320857054
CMOS,,,EXP-XOR-CMOS-VDD06,125000000.0,[],True,two-input exhaustive periodic,XOR,10.0,PTM-65nm-beta-2006,0.5998807131907634,5.2935766241e-07,1.5315334706699203e-16,ltspice/xor/cmos/EXP-XOR-CMOS-VDD06.log,ltspice/xor/cmos/EXP-XOR-CMOS-VDD06.cir,Validated,27.0,27.0,3.80585502499e-10,27.0,2.8931922203549997e-10,2.21605985695e-10,3.57032458376e-10,12,7.07372710221e-10,[],0.6,0.599925637245,4.49240542366e-05
CMOS,,,EXP-XOR-CMOS-VDD08,125000000.0,[],True,two-input exhaustive periodic,XOR,10.0,PTM-65nm-beta-2006,0.7998932970588974,9.469887951e-07,1.4551233994994744e-16,ltspice/xor/cmos/EXP-XOR-CMOS-VDD08.log,ltspice/xor/cmos/EXP-XOR-CMOS-VDD08.cir,Validated,27.0,27.0,2.17029066077e-10,27.0,1.536579320715e-10,1.23304009895e-10,1.84011854248e-10,12,3.76637531755e-10,[],0.8,0.799937129021,4.38319621026e-05
CMOS,,,EXP-XOR-CMOS-VDD10,125000000.0,[],True,two-input exhaustive periodic,XOR,10.0,PTM-65nm-beta-2006,0.9998593243439657,1.49649591628e-06,1.6884638799549816e-16,ltspice/xor/cmos/EXP-XOR-CMOS-VDD10.log,ltspice/xor/cmos/EXP-XOR-CMOS-VDD10.cir,Validated,27.0,27.0,1.72605529491e-10,27.0,1.1282783077365001e-10,9.48697331043e-11,1.30785928443e-10,12,2.74688840241e-10,[],1.0,0.999923050404,6.37260600342e-05
CMOS,,,EXP-XOR-CMOS-TM20,125000000.0,[],True,two-input exhaustive periodic,XOR,10.0,PTM-65nm-beta-2006,1.1999271322368827,2.17162019971e-06,1.5271548533262729e-16,ltspice/xor/cmos/EXP-XOR-CMOS-TM20.log,ltspice/xor/cmos/EXP-XOR-CMOS-TM20.cir,Validated,-20.0,-20.0,1.2930062429e-10,27.0,7.032329380295e-11,7.08629988081e-11,6.97835887978e-11,12,1.36885513604e-10,[],1.2,1.19997525215,4.81199131173e-05
CMOS,,,EXP-XOR-CMOS-T85,125000000.0,[],True,two-input exhaustive periodic,XOR,10.0,PTM-65nm-beta-2006,1.199209730230413,2.26349642639e-06,3.0129995584103803e-16,ltspice/xor/cmos/EXP-XOR-CMOS-T85.log,ltspice/xor/cmos/EXP-XOR-CMOS-T85.cir,Validated,85.0,85.0,1.95346788136e-10,27.0,1.3311262714099998e-10,1.01357771138e-10,1.64867483144e-10,12,3.75019664643e-10,[],1.2,1.19950437546,0.000294645229587
CMOS,,,EXP-XOR-CMOS-L01,125000000.0,[],True,two-input exhaustive periodic,XOR,1.0,PTM-65nm-beta-2006,1.199776638150577,6.06796212243e-07,1.3818248621880954e-17,ltspice/xor/cmos/EXP-XOR-CMOS-L01.log,ltspice/xor/cmos/EXP-XOR-CMOS-L01.cir,Validated,27.0,27.0,3.08049347463e-11,27.0,2.2772470135899998e-11,2.09905367871e-11,2.45544034847e-11,12,4.03606232211e-11,[],1.2,1.19988894463,0.000112306479423
CMOS,,,EXP-XOR-CMOS-L05,125000000.0,[],True,two-input exhaustive periodic,XOR,5.0,PTM-65nm-beta-2006,1.199775595059886,1.30535636e-06,7.062929160893132e-17,ltspice/xor/cmos/EXP-XOR-CMOS-L05.log,ltspice/xor/cmos/EXP-XOR-CMOS-L05.cir,Validated,27.0,27.0,8.41335014257e-11,27.0,5.41072873073e-11,4.79024260302e-11,6.03121485844e-11,12,1.22892136349e-10,[],1.2,1.199888587,0.000112991940114
CMOS,,,EXP-XOR-CMOS-L20,125000000.0,[],True,two-input exhaustive periodic,XOR,20.0,PTM-65nm-beta-2006,1.199773809804125,3.99073900331e-06,6.927931315020696e-16,ltspice/xor/cmos/EXP-XOR-CMOS-L20.log,ltspice/xor/cmos/EXP-XOR-CMOS-L20.cir,Validated,27.0,27.0,2.91615166855e-10,27.0,1.7360021061950002e-10,1.49783134372e-10,1.97417286867e-10,12,4.34538182704e-10,[],1.2,1.19988775253,0.000113942725875
CMOS,,,EXP-XOR-CMOS-F025,25000000.0,[],True,two-input exhaustive periodic,XOR,10.0,PTM-65nm-beta-2006,1.199788266077386,4.86815526411e-07,4.5898403367864316e-17,ltspice/xor/cmos/EXP-XOR-CMOS-F025.log,ltspice/xor/cmos/EXP-XOR-CMOS-F025.cir,Validated,27.0,27.0,1.53058389842e-10,27.0,9.42829488333e-11,8.22645417746e-11,1.06301355892e-10,12,2.26788021941e-10,[],1.2,1.19989454746,0.000106281382614
CMOS,,,EXP-XOR-CMOS-F200,200000000.0,[],True,two-input exhaustive periodic,XOR,10.0,PTM-65nm-beta-2006,1.1997612063686791,3.47927709999e-06,3.2630735062212964e-16,ltspice/xor/cmos/EXP-XOR-CMOS-F200.log,ltspice/xor/cmos/EXP-XOR-CMOS-F200.cir,Validated,27.0,27.0,1.53064857198e-10,27.0,9.378596221125e-11,8.17725709305e-11,1.05799353492e-10,12,2.26788145611e-10,[],1.2,1.19988274574,0.000121539371321
GDI,,,EXP-XOR-GDI-NOM,125000000.0,"[""VOH_below_0.8VDD"", ""VOL_above_0.2VDD""]",False,two-input exhaustive periodic,XOR,10.0,PTM-65nm-beta-2006,0.485286414623,7.36205223341e-07,6.133749476849156e-17,ltspice/xor/gdi/EXP-XOR-GDI-NOM.log,ltspice/xor/gdi/EXP-XOR-GDI-NOM.cir,Validated,27.0,27.0,,27.0,8.331575601995e-11,8.63281953212e-11,8.03033167187e-11,4,,[],1.2,0.836819887161,0.351533472538
GDI,,,EXP-XOR-GDI-VDD06,125000000.0,"[""VOH_below_0.8VDD"", ""VOL_above_0.2VDD""]",False,two-input exhaustive periodic,XOR,10.0,PTM-65nm-beta-2006,0.06234776973799999,4.25136520994e-08,4.099617047191059e-17,ltspice/xor/gdi/EXP-XOR-GDI-VDD06.log,ltspice/xor/gdi/EXP-XOR-GDI-VDD06.cir,Validated,27.0,27.0,,27.0,9.643060157725e-10,9.66795163678e-10,9.61816867867e-10,4,,[],0.6,0.331212550402,0.268864780664
GDI,,,EXP-XOR-GDI-VDD08,125000000.0,"[""VOH_below_0.8VDD"", ""VOL_above_0.2VDD""]",False,two-input exhaustive periodic,XOR,10.0,PTM-65nm-beta-2006,0.190192133188,1.8661467699e-07,5.881037323908494e-17,ltspice/xor/gdi/EXP-XOR-GDI-VDD08.log,ltspice/xor/gdi/EXP-XOR-GDI-VDD08.cir,Validated,27.0,27.0,,27.0,3.151433434265e-10,3.11767601241e-10,3.18519085612e-10,4,,[],0.8,0.493359863758,0.30316773057
GDI,,,EXP-XOR-GDI-VDD10,125000000.0,"[""VOH_below_0.8VDD"", ""VOL_above_0.2VDD""]",False,two-input exhaustive periodic,XOR,10.0,PTM-65nm-beta-2006,0.33587533235500006,4.19797711172e-07,5.439680991306922e-17,ltspice/xor/gdi/EXP-XOR-GDI-VDD10.log,ltspice/xor/gdi/EXP-XOR-GDI-VDD10.cir,Validated,27.0,27.0,,27.0,1.29578624336e-10,1.33374429347e-10,1.25782819325e-10,4,,[],1.0,0.664207458496,0.328332126141
GDI,,,EXP-XOR-GDI-TM20,125000000.0,"[""VOH_below_0.8VDD"", ""VOL_above_0.2VDD""]",False,two-input exhaustive periodic,XOR,10.0,PTM-65nm-beta-2006,0.470123648644,7.0494875361e-07,4.622876109999462e-17,ltspice/xor/gdi/EXP-XOR-GDI-TM20.log,ltspice/xor/gdi/EXP-XOR-GDI-TM20.cir,Validated,-20.0,-20.0,,27.0,6.557747760139999e-11,6.21340986556e-11,6.90208565472e-11,4,,[],1.2,0.827866137028,0.357742488384
GDI,,,EXP-XOR-GDI-T85,125000000.0,"[""VOH_below_0.8VDD"", ""VOL_above_0.2VDD""]",False,two-input exhaustive periodic,XOR,10.0,PTM-65nm-beta-2006,0.50403174758,7.83860722701e-07,8.657225322035636e-17,ltspice/xor/gdi/EXP-XOR-GDI-T85.log,ltspice/xor/gdi/EXP-XOR-GDI-T85.cir,Validated,85.0,85.0,,27.0,1.1044341260275001e-10,1.22126668051e-10,9.87601571545e-11,4,,[],1.2,0.848956227303,0.344924479723
GDI,,,EXP-XOR-GDI-L01,125000000.0,"[""VOH_below_0.8VDD"", ""VOL_above_0.2VDD""]",False,two-input exhaustive periodic,XOR,1.0,PTM-65nm-beta-2006,0.620227098465,1.07439229106e-07,1.6244876912198351e-18,ltspice/xor/gdi/EXP-XOR-GDI-L01.log,ltspice/xor/gdi/EXP-XOR-GDI-L01.cir,Validated,27.0,27.0,,27.0,1.512006093805e-11,1.53382204282e-11,1.49019014479e-11,4,,[],1.2,0.903136372566,0.282909274101
GDI,,,EXP-XOR-GDI-L05,125000000.0,"[""VOH_below_0.8VDD"", ""VOL_above_0.2VDD""]",False,two-input exhaustive periodic,XOR,5.0,PTM-65nm-beta-2006,0.531098634004,4.08667764737e-07,1.9033898294294778e-17,ltspice/xor/gdi/EXP-XOR-GDI-L05.log,ltspice/xor/gdi/EXP-XOR-GDI-L05.cir,Validated,27.0,27.0,,27.0,4.65754824253e-11,4.81469688656e-11,4.5003995985e-11,4,,[],1.2,0.859266042709,0.328167408705
GDI,,,EXP-XOR-GDI-L20,125000000.0,"[""VOH_below_0.8VDD"", ""VOL_above_0.2VDD""]",False,two-input exhaustive periodic,XOR,20.0,PTM-65nm-beta-2006,0.434820830822,1.31043868454e-06,1.9896164608019503e-16,ltspice/xor/gdi/EXP-XOR-GDI-L20.log,ltspice/xor/gdi/EXP-XOR-GDI-L20.cir,Validated,27.0,27.0,,27.0,1.5182827584950001e-10,1.57549927538e-10,1.46106624161e-10,4,,[],1.2,0.812153637409,0.377332806587
GDI,,,EXP-XOR-GDI-F025,25000000.0,"[""VOH_below_0.8VDD"", ""VOL_above_0.2VDD""]",False,two-input exhaustive periodic,XOR,10.0,PTM-65nm-beta-2006,0.59213629365,1.90502064922e-07,1.7471410260350608e-17,ltspice/xor/gdi/EXP-XOR-GDI-F025.log,ltspice/xor/gdi/EXP-XOR-GDI-F025.cir,Validated,27.0,27.0,,27.0,9.171244557115e-11,9.50162109039e-11,8.84086802384e-11,4,,[],1.2,0.889032185078,0.296895891428
GDI,,,EXP-XOR-GDI-F200,200000000.0,"[""VOH_below_0.8VDD"", ""VOL_above_0.2VDD""]",False,two-input exhaustive periodic,XOR,10.0,PTM-65nm-beta-2006,0.450634300709,1.08462399057e-06,8.700674189116702e-17,ltspice/xor/gdi/EXP-XOR-GDI-F200.log,ltspice/xor/gdi/EXP-XOR-GDI-F200.cir,Validated,27.0,27.0,,27.0,8.021834538754999e-11,8.31210338021e-11,7.7315656973e-11,4,,[],1.2,0.820005834103,0.369371533394
FSGDI,,,EXP-XOR-FSGDI-NOM,125000000.0,[],True,two-input exhaustive periodic,XOR,10.0,PTM-65nm-beta-2006,1.199922849600501,2.43832158228e-07,6.62529999836561e-18,ltspice/xor/fsgdi/EXP-XOR-FSGDI-NOM.log,ltspice/xor/fsgdi/EXP-XOR-FSGDI-NOM.cir,Validated,27.0,27.0,7.31428854458e-11,27.0,2.7171559512549997e-11,2.5950230691e-11,2.83928883341e-11,6,9.77730027024e-11,[],1.2,1.19994497299,2.2123389499e-05
FSGDI,,,EXP-XOR-FSGDI-VDD06,125000000.0,[],True,two-input exhaustive periodic,XOR,10.0,PTM-65nm-beta-2006,0.59998147330627,3.72859953227e-08,3.3023664950013028e-18,ltspice/xor/fsgdi/EXP-XOR-FSGDI-VDD06.log,ltspice/xor/fsgdi/EXP-XOR-FSGDI-VDD06.cir,Validated,27.0,27.0,1.78608888422e-10,27.0,8.85685487653e-11,7.76532618752e-11,9.94838356554e-11,6,2.85165343254e-10,[],0.6,0.599986732006,5.25869972989e-06
FSGDI,,,EXP-XOR-FSGDI-VDD08,125000000.0,[],True,two-input exhaustive periodic,XOR,10.0,PTM-65nm-beta-2006,0.7999753720580953,8.20018725225e-08,3.8714136794033514e-18,ltspice/xor/fsgdi/EXP-XOR-FSGDI-VDD08.log,ltspice/xor/fsgdi/EXP-XOR-FSGDI-VDD08.cir,Validated,27.0,27.0,1.05297582862e-10,27.0,4.721128384405e-11,4.32098163829e-11,5.12127513052e-11,6,1.58851231739e-10,[],0.8,0.799982428551,7.05649290467e-06
FSGDI,,,EXP-XOR-FSGDI-VDD10,125000000.0,[],True,two-input exhaustive periodic,XOR,10.0,PTM-65nm-beta-2006,0.9999584256473004,1.49642284822e-07,5.03736918469653e-18,ltspice/xor/fsgdi/EXP-XOR-FSGDI-VDD10.log,ltspice/xor/fsgdi/EXP-XOR-FSGDI-VDD10.cir,Validated,27.0,27.0,8.35216503608e-11,27.0,3.366273904925e-11,3.16812378693e-11,3.56442402292e-11,6,1.17746193696e-10,[],1.0,0.999970436096,1.20104486996e-05
FSGDI,,,EXP-XOR-FSGDI-TM20,125000000.0,[],True,two-input exhaustive periodic,XOR,10.0,PTM-65nm-beta-2006,1.1999789868264439,1.89679664902e-07,4.038853155566693e-18,ltspice/xor/fsgdi/EXP-XOR-FSGDI-TM20.log,ltspice/xor/fsgdi/EXP-XOR-FSGDI-TM20.cir,Validated,-20.0,-20.0,6.35220610084e-11,27.0,2.1293021356049998e-11,2.12185347746e-11,2.13675079375e-11,6,6.38554896414e-11,[],1.2,1.19998633862,7.35179355615e-06
FSGDI,,,EXP-XOR-FSGDI-T85,125000000.0,[],True,two-input exhaustive periodic,XOR,10.0,PTM-65nm-beta-2006,1.199733089796567,3.26034459581e-07,1.2006602424893616e-17,ltspice/xor/fsgdi/EXP-XOR-FSGDI-T85.log,ltspice/xor/fsgdi/EXP-XOR-FSGDI-T85.cir,Validated,85.0,85.0,9.04621207015e-11,27.0,3.6826176105199996e-11,3.27208370935e-11,4.09315151169e-11,6,1.55039808015e-10,[],1.2,1.1998052597,7.2169903433e-05
FSGDI,,,EXP-XOR-FSGDI-L01,125000000.0,[],True,two-input exhaustive periodic,XOR,1.0,PTM-65nm-beta-2006,1.1999251649433444,2.09508231954e-08,1.282078193127499e-19,ltspice/xor/fsgdi/EXP-XOR-FSGDI-L01.log,ltspice/xor/fsgdi/EXP-XOR-FSGDI-L01.cir,Validated,27.0,27.0,1.96561841302e-11,27.0,6.11946452495e-12,6.54239023289e-12,5.69653881701e-12,6,2.33752664469e-11,[],1.2,1.1999464035,2.12385566556e-05
FSGDI,,,EXP-XOR-FSGDI-L05,125000000.0,[],True,two-input exhaustive periodic,XOR,5.0,PTM-65nm-beta-2006,1.19992325863625,1.04598818829e-07,1.5922483250143568e-18,ltspice/xor/fsgdi/EXP-XOR-FSGDI-L05.log,ltspice/xor/fsgdi/EXP-XOR-FSGDI-L05.cir,Validated,27.0,27.0,4.1946848948e-11,27.0,1.52224312171e-11,1.51303484281e-11,1.53145140061e-11,6,5.47445059172e-11,[],1.2,1.19994521141,2.19527737499e-05
FSGDI,,,EXP-XOR-FSGDI-L20,125000000.0,[],True,two-input exhaustive periodic,XOR,20.0,PTM-65nm-beta-2006,1.1999225175443835,5.237935357e-07,2.7186485339071336e-17,ltspice/xor/fsgdi/EXP-XOR-FSGDI-L20.log,ltspice/xor/fsgdi/EXP-XOR-FSGDI-L20.cir,Validated,27.0,27.0,1.38207371705e-10,27.0,5.1903056235199995e-11,4.82498597441e-11,5.55562527263e-11,6,1.86906095132e-10,[],1.2,1.19994473457,2.22170256166e-05
FSGDI,,,EXP-XOR-FSGDI-F025,25000000.0,[],True,two-input exhaustive periodic,XOR,10.0,PTM-65nm-beta-2006,1.1999227281076692,6.50974053182e-08,1.768796565758012e-18,ltspice/xor/fsgdi/EXP-XOR-FSGDI-F025.log,ltspice/xor/fsgdi/EXP-XOR-FSGDI-F025.cir,Validated,27.0,27.0,7.31429094445e-11,27.0,2.717153713135e-11,2.59501878925e-11,2.83928863702e-11,6,9.77729730831e-11,[],1.2,1.19994485378,2.21256723307e-05
FSGDI,,,EXP-XOR-FSGDI-F200,200000000.0,[],True,two-input exhaustive periodic,XOR,10.0,PTM-65nm-beta-2006,1.1999228849016284,3.77871951107e-07,1.0267372177946056e-17,ltspice/xor/fsgdi/EXP-XOR-FSGDI-F200.log,ltspice/xor/fsgdi/EXP-XOR-FSGDI-F200.cir,Validated,27.0,27.0,7.31428731405e-11,27.0,2.71715647268e-11,2.59502382162e-11,2.83928912374e-11,6,9.77730378442e-11,[],1.2,1.19994497299,2.20880883717e-05
HYBRID_A,,,EXP-XOR-HYBRID_A-NOM,125000000.0,[],True,two-input exhaustive periodic,XOR,10.0,PTM-65nm-beta-2006,1.20976347406814,2.14560936685e-06,1.3098839627257604e-16,ltspice/xor/hybrid-a/EXP-XOR-HYBRID_A-NOM.log,ltspice/xor/hybrid-a/EXP-XOR-HYBRID_A-NOM.cir,Validated,27.0,27.0,8.53386083041e-11,27.0,6.104950803085e-11,6.00194261006e-11,6.20795899611e-11,10,1.09951563465e-10,[],1.2,1.20612418652,-0.00363928754814
HYBRID_A,,,EXP-XOR-HYBRID_A-VDD06,125000000.0,[],True,two-input exhaustive periodic,XOR,10.0,PTM-65nm-beta-2006,0.60967210819973,5.17359562673e-07,8.420004816729708e-17,ltspice/xor/hybrid-a/EXP-XOR-HYBRID_A-VDD06.log,ltspice/xor/hybrid-a/EXP-XOR-HYBRID_A-VDD06.cir,Validated,27.0,27.0,1.90123544979e-10,27.0,1.627495734925e-10,1.46210116069e-10,1.79289030916e-10,10,3.00803722897e-10,[],0.6,0.605453193188,-0.00421891501173
HYBRID_A,,,EXP-XOR-HYBRID_A-VDD08,125000000.0,[],True,two-input exhaustive periodic,XOR,10.0,PTM-65nm-beta-2006,0.81106054782885,9.24161017693e-07,8.687746751626624e-17,ltspice/xor/hybrid-a/EXP-XOR-HYBRID_A-VDD08.log,ltspice/xor/hybrid-a/EXP-XOR-HYBRID_A-VDD08.cir,Validated,27.0,27.0,1.1653835799e-10,27.0,9.400685146095001e-11,8.74373400699e-11,1.00576362852e-10,10,1.72556050334e-10,[],0.8,0.806504070759,-0.00455647706985
HYBRID_A,,,EXP-XOR-HYBRID_A-VDD10,125000000.0,[],True,two-input exhaustive periodic,XOR,10.0,PTM-65nm-beta-2006,1.01092914166279,1.46066044777e-06,1.0492379731323551e-16,ltspice/xor/hybrid-a/EXP-XOR-HYBRID_A-VDD10.log,ltspice/xor/hybrid-a/EXP-XOR-HYBRID_A-VDD10.cir,Validated,27.0,27.0,9.51835000023e-11,27.0,7.183312006114999e-11,6.89757654479e-11,7.46904746744e-11,10,1.30426182811e-10,[],1.0,1.00663852692,-0.00429061474279
HYBRID_A,,,EXP-XOR-HYBRID_A-TM20,125000000.0,[],True,two-input exhaustive periodic,XOR,10.0,PTM-65nm-beta-2006,1.20943421894039,2.12046111493e-06,1.0469516203773879e-16,ltspice/xor/hybrid-a/EXP-XOR-HYBRID_A-TM20.log,ltspice/xor/hybrid-a/EXP-XOR-HYBRID_A-TM20.cir,Validated,-20.0,-20.0,7.59294970553e-11,27.0,4.93737712522e-11,5.32675554716e-11,4.54799870328e-11,10,7.03209707167e-11,[],1.2,1.20607697964,-0.00335723930039
HYBRID_A,,,EXP-XOR-HYBRID_A-T85,125000000.0,[],True,two-input exhaustive periodic,XOR,10.0,PTM-65nm-beta-2006,1.2100168308233,2.21004676286e-06,1.788245167652207e-16,ltspice/xor/hybrid-a/EXP-XOR-HYBRID_A-T85.log,ltspice/xor/hybrid-a/EXP-XOR-HYBRID_A-T85.cir,Validated,85.0,85.0,1.03307927282e-10,27.0,8.091435881375e-11,7.17601702996e-11,9.00685473279e-11,10,1.76753791841e-10,[],1.2,1.20608639717,-0.0039304336533
HYBRID_A,,,EXP-XOR-HYBRID_A-L01,125000000.0,[],True,two-input exhaustive periodic,XOR,1.0,PTM-65nm-beta-2006,1.2442295216071,5.19623370591e-07,1.0822343082269722e-17,ltspice/xor/hybrid-a/EXP-XOR-HYBRID_A-L01.log,ltspice/xor/hybrid-a/EXP-XOR-HYBRID_A-L01.cir,Validated,27.0,27.0,1.25182256976e-11,27.0,2.0827283172349998e-11,2.13461002424e-11,2.03084661023e-11,10,1.55561962645e-11,[],1.2,1.23061215878,-0.0136173628271
HYBRID_A,,,EXP-XOR-HYBRID_A-L05,125000000.0,[],True,two-input exhaustive periodic,XOR,5.0,PTM-65nm-beta-2006,1.21747209922845,1.24417671569e-06,4.8289468793031914e-17,ltspice/xor/hybrid-a/EXP-XOR-HYBRID_A-L05.log,ltspice/xor/hybrid-a/EXP-XOR-HYBRID_A-L05.cir,Validated,27.0,27.0,4.43781789112e-11,27.0,3.8812387488100003e-11,3.87184315226e-11,3.89063434536e-11,10,5.69915169945e-11,[],1.2,1.21113634109,-0.00633575813845
HYBRID_A,,,EXP-XOR-HYBRID_A-L20,125000000.0,[],True,two-input exhaustive periodic,XOR,20.0,PTM-65nm-beta-2006,1.2051448660206798,3.9461582233e-06,4.1626777303332915e-16,ltspice/xor/hybrid-a/EXP-XOR-HYBRID_A-L20.log,ltspice/xor/hybrid-a/EXP-XOR-HYBRID_A-L20.cir,Validated,27.0,27.0,1.6769840634e-10,27.0,1.0548684302e-10,1.02568849971e-10,1.08404836069e-10,10,2.16091483268e-10,[],1.2,1.20320558548,-0.00193928054068
HYBRID_A,,,EXP-XOR-HYBRID_A-F025,25000000.0,[],True,two-input exhaustive periodic,XOR,10.0,PTM-65nm-beta-2006,1.2097634691787,4.72733108908e-07,2.8860123728751266e-17,ltspice/xor/hybrid-a/EXP-XOR-HYBRID_A-F025.log,ltspice/xor/hybrid-a/EXP-XOR-HYBRID_A-F025.cir,Validated,27.0,27.0,8.53386094579e-11,27.0,6.104950803089999e-11,6.00194261006e-11,6.20795899612e-11,10,1.09951563338e-10,[],1.2,1.20612418652,-0.0036392826587
HYBRID_A,,,EXP-XOR-HYBRID_A-F200,200000000.0,[],True,two-input exhaustive periodic,XOR,10.0,PTM-65nm-beta-2006,1.20976347523229,3.40026566629e-06,2.0758454610136486e-16,ltspice/xor/hybrid-a/EXP-XOR-HYBRID_A-F200.log,ltspice/xor/hybrid-a/EXP-XOR-HYBRID_A-F200.cir,Validated,27.0,27.0,8.53386083041e-11,27.0,6.104950803089999e-11,6.00194261006e-11,6.20795899612e-11,10,1.09951563919e-10,[],1.2,1.20612418652,-0.00363928871229
CMOS,8.78580117789091e-15,9.66438129568e-14,EXP-H117-CMOS-NOM,125000000.0,[],True,common 16-cycle binary-count activity sample; exhaustive correctness is verified in Python,H117,10.0,PTM-65nm-beta-2006,1.2077002902526,1.20804766196e-05,1.981789819133965e-15,ltspice/hamming-11-7/EXP-H117-CMOS-NOM.log,ltspice/hamming-11-7/EXP-H117-CMOS-NOM.cir,Validated,27.0,27.0,,27.0,1.64048976008e-10,1.43697205086e-10,1.8440074693e-10,144,,[],1.2,1.20544409752,-0.0022561927326
GDI,5.640736693519999e-16,6.2048103628719995e-15,EXP-H117-GDI-NOM,125000000.0,"[""delay_exceeds_half_period""]",False,common 16-cycle binary-count activity sample; exhaustive correctness is verified in Python,H117,10.0,PTM-65nm-beta-2006,1.2043276983303,7.75601295359e-07,1.2479261996806875e-14,ltspice/hamming-11-7/EXP-H117-GDI-NOM.log,ltspice/hamming-11-7/EXP-H117-GDI-NOM.cir,Validated,27.0,27.0,,27.0,1.608979003965e-08,1.60996611775e-08,1.60799189018e-08,48,,[],1.2,1.20246875286,-0.0018589454703
FSGDI,3.657161441301818e-16,4.022877585432e-15,EXP-H117-FSGDI-NOM,125000000.0,[],True,common 16-cycle binary-count activity sample; exhaustive correctness is verified in Python,H117,10.0,PTM-65nm-beta-2006,1.2052783626135999,5.02859698179e-07,7.007987428223473e-17,ltspice/hamming-11-7/EXP-H117-FSGDI-NOM.log,ltspice/hamming-11-7/EXP-H117-FSGDI-NOM.cir,Validated,27.0,27.0,,27.0,1.393626781705e-10,1.25866914904e-10,1.52858441437e-10,72,,[],1.2,1.20271229744,-0.0025660651736
CMOS,1.904804599803636e-15,2.0952850597839997e-14,EXP-H117-CMOS-VDD06,125000000.0,[],True,common 16-cycle binary-count activity sample; exhaustive correctness is verified in Python,H117,10.0,PTM-65nm-beta-2006,0.60829007811858,2.61910632473e-06,1.4309127980591784e-15,ltspice/hamming-11-7/EXP-H117-CMOS-VDD06.log,ltspice/hamming-11-7/EXP-H117-CMOS-VDD06.cir,Validated,27.0,27.0,,27.0,5.46336276824e-10,4.25754039004e-10,6.66918514644e-10,144,,[],0.6,0.605071604252,-0.00321847386658
GDI,6.17490597896e-17,6.792396576856e-16,EXP-H117-GDI-VDD06,125000000.0,"[""delay_exceeds_half_period""]",False,common 16-cycle binary-count activity sample; exhaustive correctness is verified in Python,H117,10.0,PTM-65nm-beta-2006,0.6069221957586699,8.49049572107e-08,1.3795163022501897e-15,ltspice/hamming-11-7/EXP-H117-GDI-VDD06.log,ltspice/hamming-11-7/EXP-H117-GDI-VDD06.cir,Validated,27.0,27.0,,27.0,1.624777100855e-08,1.6272922453e-08,1.62226195641e-08,48,,[],0.6,0.603744328022,-0.00317786773667
FSGDI,5.558215365992727e-17,6.114036902592e-16,EXP-H117-FSGDI-VDD06,125000000.0,[],True,common 16-cycle binary-count activity sample; exhaustive correctness is verified in Python,H117,10.0,PTM-65nm-beta-2006,0.60742274415684,7.64254612824e-08,4.301869495964805e-17,ltspice/hamming-11-7/EXP-H117-FSGDI-VDD06.log,ltspice/hamming-11-7/EXP-H117-FSGDI-VDD06.cir,Validated,27.0,27.0,,27.0,5.62884335113e-10,4.32910858973e-10,6.92857811253e-10,72,,[],0.6,0.6040802598,-0.00334248435684
CMOS,3.463998453381818e-15,3.81039829872e-14,EXP-H117-CMOS-VDD08,125000000.0,[],True,common 16-cycle binary-count activity sample; exhaustive correctness is verified in Python,H117,10.0,PTM-65nm-beta-2006,0.80876056104932,4.7629978734e-06,1.33430338742465e-15,ltspice/hamming-11-7/EXP-H117-CMOS-VDD08.log,ltspice/hamming-11-7/EXP-H117-CMOS-VDD08.cir,Validated,27.0,27.0,,27.0,2.801394044025e-10,2.31247770565e-10,3.2903103824e-10,144,,[],0.8,0.80547618866,-0.00328437238932
GDI,1.5507530207563637e-16,1.705828322832e-15,EXP-H117-GDI-VDD08,125000000.0,"[""delay_exceeds_half_period""]",False,common 16-cycle binary-count activity sample; exhaustive correctness is verified in Python,H117,10.0,PTM-65nm-beta-2006,0.8058875012211201,2.13228540354e-07,3.441650277369316e-15,ltspice/hamming-11-7/EXP-H117-GDI-VDD08.log,ltspice/hamming-11-7/EXP-H117-GDI-VDD08.cir,Validated,27.0,27.0,,27.0,1.6140664245299998e-08,1.61533607353e-08,1.61279677553e-08,48,,[],0.8,0.803316950798,-0.00257055042312
FSGDI,1.0938903084654546e-16,1.2032793393120001e-15,EXP-H117-FSGDI-VDD08,125000000.0,[],True,common 16-cycle binary-count activity sample; exhaustive correctness is verified in Python,H117,10.0,PTM-65nm-beta-2006,0.80686536291614,1.50409917414e-07,3.97937434026826e-17,ltspice/hamming-11-7/EXP-H117-FSGDI-VDD08.log,ltspice/hamming-11-7/EXP-H117-FSGDI-VDD08.cir,Validated,27.0,27.0,,27.0,2.6456861413699997e-10,2.17937196274e-10,3.11200032e-10,72,,[],0.8,0.803680062294,-0.00318530062214
CMOS,5.727374492552728e-15,6.300111941808e-14,EXP-H117-CMOS-VDD10,125000000.0,[],True,common 16-cycle binary-count activity sample; exhaustive correctness is verified in Python,H117,10.0,PTM-65nm-beta-2006,1.0085354710504801,7.87513992726e-06,1.6052925996821072e-15,ltspice/hamming-11-7/EXP-H117-CMOS-VDD10.log,ltspice/hamming-11-7/EXP-H117-CMOS-VDD10.cir,Validated,27.0,27.0,,27.0,2.0384305733099998e-10,1.76302440964e-10,2.31383673698e-10,144,,[],1.0,1.00515365601,-0.00338181504048
GDI,3.1020867137236367e-16,3.4122953850960003e-15,EXP-H117-GDI-VDD10,125000000.0,"[""delay_exceeds_half_period""]",False,common 16-cycle binary-count activity sample; exhaustive correctness is verified in Python,H117,10.0,PTM-65nm-beta-2006,1.0048956146882,4.26536923137e-07,6.87056102261678e-15,ltspice/hamming-11-7/EXP-H117-GDI-VDD10.log,ltspice/hamming-11-7/EXP-H117-GDI-VDD10.cir,Validated,27.0,27.0,,27.0,1.61077755522e-08,1.61172159648e-08,1.60983351396e-08,48,,[],1.0,1.00276613235,-0.0021294823382
FSGDI,1.9996052177309088e-16,2.1995657395039997e-15,EXP-H117-FSGDI-VDD10,125000000.0,[],True,common 16-cycle binary-count activity sample; exhaustive correctness is verified in Python,H117,10.0,PTM-65nm-beta-2006,1.00616776244474,2.74945717438e-07,4.924288471153887e-17,ltspice/hamming-11-7/EXP-H117-FSGDI-VDD10.log,ltspice/hamming-11-7/EXP-H117-FSGDI-VDD10.cir,Validated,27.0,27.0,,27.0,1.791003881435e-10,1.56093661027e-10,2.0210711526e-10,72,,[],1.0,1.00340414047,-0.00276362197474
CMOS,8.420514590254546e-15,9.26256604928e-14,EXP-H117-CMOS-TM20,125000000.0,[],True,common 16-cycle binary-count activity sample; exhaustive correctness is verified in Python,H117,10.0,PTM-65nm-beta-2006,1.21008596173695,1.15782075616e-05,1.4708887295922794e-15,ltspice/hamming-11-7/EXP-H117-CMOS-TM20.log,ltspice/hamming-11-7/EXP-H117-CMOS-TM20.cir,Validated,-20.0,-20.0,,27.0,1.27039416228e-10,1.27857827792e-10,1.26221004664e-10,144,,[],1.2,1.20712220669,-0.00296375504695
GDI,4.469352653949091e-16,4.916287919344e-15,EXP-H117-GDI-TM20,125000000.0,"[""delay_exceeds_half_period""]",False,common 16-cycle binary-count activity sample; exhaustive correctness is verified in Python,H117,10.0,PTM-65nm-beta-2006,1.20388998556528,6.14535989918e-07,9.876847856327227e-15,ltspice/hamming-11-7/EXP-H117-GDI-TM20.log,ltspice/hamming-11-7/EXP-H117-GDI-TM20.cir,Validated,-20.0,-20.0,,27.0,1.60720413749e-08,1.60849692593e-08,1.60591134905e-08,48,,[],1.2,1.202657938,-0.00123204756528
FSGDI,2.584872330894545e-16,2.843359563984e-15,EXP-H117-FSGDI-TM20,125000000.0,[],True,common 16-cycle binary-count activity sample; exhaustive correctness is verified in Python,H117,10.0,PTM-65nm-beta-2006,1.2072751424277601,3.55419945498e-07,3.669944444279194e-17,ltspice/hamming-11-7/EXP-H117-FSGDI-TM20.log,ltspice/hamming-11-7/EXP-H117-FSGDI-TM20.cir,Validated,-20.0,-20.0,,27.0,1.032565698905e-10,1.01699264389e-10,1.04813875392e-10,72,,[],1.2,1.20411670208,-0.00315844034776
CMOS,9.6279382192e-15,1.059073204112e-13,EXP-H117-CMOS-T85,125000000.0,[],True,common 16-cycle binary-count activity sample; exhaustive correctness is verified in Python,H117,10.0,PTM-65nm-beta-2006,1.20644176471825,1.32384150514e-05,3.1572897052591287e-15,ltspice/hamming-11-7/EXP-H117-CMOS-T85.log,ltspice/hamming-11-7/EXP-H117-CMOS-T85.cir,Validated,85.0,85.0,,27.0,2.38494539792e-10,1.96778402129e-10,2.80210677455e-10,144,,[],1.2,1.2042825222,-0.00215924251825
GDI,7.165323126952728e-16,7.881855439648e-15,EXP-H117-GDI-T85,125000000.0,"[""delay_exceeds_half_period""]",False,common 16-cycle binary-count activity sample; exhaustive correctness is verified in Python,H117,10.0,PTM-65nm-beta-2006,1.2038609798735,9.85231929956e-07,1.5884675726079263e-14,ltspice/hamming-11-7/EXP-H117-GDI-T85.log,ltspice/hamming-11-7/EXP-H117-GDI-T85.cir,Validated,85.0,85.0,,27.0,1.6122778041500002e-08,1.61278993308e-08,1.61176567522e-08,48,,[],1.2,1.2026848793,-0.0011761005735
FSGDI,5.7720785756290915e-16,6.349286433192e-15,EXP-H117-FSGDI-T85,125000000.0,[],True,common 16-cycle binary-count activity sample; exhaustive correctness is verified in Python,H117,10.0,PTM-65nm-beta-2006,1.20431524026399,7.93660804149e-07,1.5369498861425183e-16,ltspice/hamming-11-7/EXP-H117-FSGDI-T85.log,ltspice/hamming-11-7/EXP-H117-FSGDI-T85.cir,Validated,85.0,85.0,,27.0,1.936532430615e-10,1.62469444709e-10,2.24837041414e-10,72,,[],1.2,1.20253300667,-0.00178223359399
CMOS,5.30986475349091e-15,5.84085122884e-14,EXP-H117-CMOS-L01,125000000.0,[],True,common 16-cycle binary-count activity sample; exhaustive correctness is verified in Python,H117,1.0,PTM-65nm-beta-2006,1.22801012452474,7.30106403605e-06,6.771387898986979e-16,ltspice/hamming-11-7/EXP-H117-CMOS-L01.log,ltspice/hamming-11-7/EXP-H117-CMOS-L01.cir,Validated,27.0,27.0,,27.0,9.274521995085001e-11,8.20480562667e-11,1.03442383635e-10,144,,[],1.2,1.21992754936,-0.00808257516474
GDI,4.76373870608e-16,5.240112576688e-15,EXP-H117-GDI-L01,125000000.0,"[""delay_exceeds_half_period""]",False,common 16-cycle binary-count activity sample; exhaustive correctness is verified in Python,H117,1.0,PTM-65nm-beta-2006,1.3096254579695998,6.55014072086e-07,1.050602198212451e-14,ltspice/hamming-11-7/EXP-H117-GDI-L01.log,ltspice/hamming-11-7/EXP-H117-GDI-L01.cir,Rejected,27.0,27.0,,27.0,1.6039383625249998e-08,1.60397471097e-08,1.60390201408e-08,48,,"[""output_outside_supply""]",1.2,1.26142466068,-0.0482007972896
FSGDI,3.413802714007273e-16,3.755182985408e-15,EXP-H117-FSGDI-L01,125000000.0,[],True,common 16-cycle binary-count activity sample; exhaustive correctness is verified in Python,H117,1.0,PTM-65nm-beta-2006,1.2647124435783,4.69397873176e-07,1.9976968251736797e-17,ltspice/hamming-11-7/EXP-H117-FSGDI-L01.log,ltspice/hamming-11-7/EXP-H117-FSGDI-L01.cir,Validated,27.0,27.0,,27.0,4.25587106234e-11,4.21749578897e-11,4.29424633571e-11,72,,[],1.2,1.24020636082,-0.0245060827583
CMOS,6.8328828694400004e-15,7.516171156384e-14,EXP-H117-CMOS-L05,125000000.0,[],True,common 16-cycle binary-count activity sample; exhaustive correctness is verified in Python,H117,5.0,PTM-65nm-beta-2006,1.21297384472881,9.39521394548e-06,1.1685278333475331e-15,ltspice/hamming-11-7/EXP-H117-CMOS-L05.log,ltspice/hamming-11-7/EXP-H117-CMOS-L05.cir,Validated,27.0,27.0,,27.0,1.2437479765e-10,1.09984978415e-10,1.38764616885e-10,144,,[],1.2,1.20917451382,-0.00379933090881
GDI,5.009496887061819e-16,5.510446575768e-15,EXP-H117-GDI-L05,125000000.0,"[""delay_exceeds_half_period""]",False,common 16-cycle binary-count activity sample; exhaustive correctness is verified in Python,H117,5.0,PTM-65nm-beta-2006,1.20891901314929,6.88805821971e-07,1.1063467510084423e-14,ltspice/hamming-11-7/EXP-H117-GDI-L05.log,ltspice/hamming-11-7/EXP-H117-GDI-L05.cir,Validated,27.0,27.0,,27.0,1.60618089412e-08,1.60655475316e-08,1.60580703508e-08,48,,[],1.2,1.20569181442,-0.00322719872929
FSGDI,3.641220251970909e-16,4.005342277168e-15,EXP-H117-FSGDI-L05,125000000.0,[],True,common 16-cycle binary-count activity sample; exhaustive correctness is verified in Python,H117,5.0,PTM-65nm-beta-2006,1.21063778642421,5.00667784646e-07,4.286618778574388e-17,ltspice/hamming-11-7/EXP-H117-FSGDI-L05.log,ltspice/hamming-11-7/EXP-H117-FSGDI-L05.cir,Validated,27.0,27.0,,27.0,8.56180267641e-11,7.95998591684e-11,9.16361943598e-11,72,,[],1.2,1.20534467697,-0.00529310945421
CMOS,1.27096843272e-14,1.398065275992e-13,EXP-H117-CMOS-L20,125000000.0,[],True,common 16-cycle binary-count activity sample; exhaustive correctness is verified in Python,H117,20.0,PTM-65nm-beta-2006,1.20416034874688,1.74758159499e-05,4.2586883112794654e-15,ltspice/hamming-11-7/EXP-H117-CMOS-L20.log,ltspice/hamming-11-7/EXP-H117-CMOS-L20.cir,Validated,27.0,27.0,,27.0,2.436903846715e-10,2.11429321776e-10,2.75951447567e-10,144,,[],1.2,1.20295751095,-0.00120283779688
GDI,6.443430539563636e-16,7.08777359352e-15,EXP-H117-GDI-L20,125000000.0,"[""delay_exceeds_half_period""]",False,common 16-cycle binary-count activity sample; exhaustive correctness is verified in Python,H117,20.0,PTM-65nm-beta-2006,1.201966981172564,8.8597169919e-07,1.4305414898455328e-14,ltspice/hamming-11-7/EXP-H117-GDI-L20.log,ltspice/hamming-11-7/EXP-H117-GDI-L20.cir,Validated,27.0,27.0,,27.0,1.614658223455e-08,1.61674923084e-08,1.61256721607e-08,48,,[],1.2,1.20138025284,-0.000586728332564
FSGDI,3.9227175177018183e-16,4.314989269472e-15,EXP-H117-FSGDI-L20,125000000.0,[],True,common 16-cycle binary-count activity sample; exhaustive correctness is verified in Python,H117,20.0,PTM-65nm-beta-2006,1.20299604523358,5.39373658684e-07,1.331293319692431e-16,ltspice/hamming-11-7/EXP-H117-FSGDI-L20.log,ltspice/hamming-11-7/EXP-H117-FSGDI-L20.cir,Validated,27.0,27.0,,27.0,2.468220867405e-10,2.18581580008e-10,2.75062593473e-10,72,,[],1.2,1.20147037506,-0.00152567017358
CMOS,1.0912891849818181e-14,1.20041810348e-13,EXP-H117-CMOS-F025,25000000.0,[],True,common 16-cycle binary-count activity sample; exhaustive correctness is verified in Python,H117,10.0,PTM-65nm-beta-2006,1.20916203432225,3.0010452587e-06,4.952785897956413e-16,ltspice/hamming-11-7/EXP-H117-CMOS-F025.log,ltspice/hamming-11-7/EXP-H117-CMOS-F025.cir,Validated,27.0,27.0,,27.0,1.65035361716e-10,1.45669976502e-10,1.8440074693e-10,144,,[],1.2,1.20547497272,-0.00368706160225
GDI,1.2201640287381818e-15,1.342180431612e-14,EXP-H117-GDI-F025,25000000.0,"[""delay_exceeds_half_period""]",False,common 16-cycle binary-count activity sample; exhaustive correctness is verified in Python,H117,10.0,PTM-65nm-beta-2006,1.20464408828152,3.35545107903e-07,2.6873737094820853e-14,ltspice/hamming-11-7/EXP-H117-GDI-F025.log,ltspice/hamming-11-7/EXP-H117-GDI-F025.cir,Validated,27.0,27.0,,27.0,8.008978960465e-08,8.00996611487e-08,8.00799180606e-08,48,,[],1.2,1.20278394222,-0.00186014606152
FSGDI,1.0629865332545452e-15,1.1692851865799998e-14,EXP-H117-FSGDI-F025,25000000.0,[],True,common 16-cycle binary-count activity sample; exhaustive correctness is verified in Python,H117,10.0,PTM-65nm-beta-2006,1.2052816012843,2.92321296645e-07,4.073867918296191e-17,ltspice/hamming-11-7/EXP-H117-FSGDI-F025.log,ltspice/hamming-11-7/EXP-H117-FSGDI-F025.cir,Validated,27.0,27.0,,27.0,1.39362679526e-10,1.25866917615e-10,1.52858441437e-10,72,,[],1.2,1.20271170139,-0.0025698998943
CMOS,8.626688481272728e-15,9.4893573294e-14,EXP-H117-CMOS-F200,200000000.0,[],True,common 16-cycle binary-count activity sample; exhaustive correctness is verified in Python,H117,10.0,PTM-65nm-beta-2006,1.2071801563681201,1.89787146588e-05,3.111434857637539e-15,ltspice/hamming-11-7/EXP-H117-CMOS-F200.log,ltspice/hamming-11-7/EXP-H117-CMOS-F200.cir,Validated,27.0,27.0,,27.0,1.639433920355e-10,1.43486037141e-10,1.8440074693e-10,144,,[],1.2,1.20470321178,-0.00247694458812
GDI,4.931447197409091e-16,5.42459191715e-15,EXP-H117-GDI-F200,200000000.0,"[""delay_exceeds_half_period""]",False,common 16-cycle binary-count activity sample; exhaustive correctness is verified in Python,H117,10.0,PTM-65nm-beta-2006,1.20450318290015,1.08491838343e-06,1.0946593895272066e-14,ltspice/hamming-11-7/EXP-H117-GDI-F200.log,ltspice/hamming-11-7/EXP-H117-GDI-F200.cir,Validated,27.0,27.0,,27.0,1.008978561195e-08,1.00996601232e-08,1.00799111007e-08,48,,[],1.2,1.20264112949,-0.00186205341015
FSGDI,3.0082426281045453e-16,3.309066890915e-15,EXP-H117-FSGDI-F200,200000000.0,[],True,common 16-cycle binary-count activity sample; exhaustive correctness is verified in Python,H117,10.0,PTM-65nm-beta-2006,1.2047785089850098,6.61813378183e-07,9.223213753218632e-17,ltspice/hamming-11-7/EXP-H117-FSGDI-F200.log,ltspice/hamming-11-7/EXP-H117-FSGDI-F200.cir,Validated,27.0,27.0,,27.0,1.393627577995e-10,1.25867074162e-10,1.52858441437e-10,72,,[],1.2,1.20271110535,-0.00206740363501
CMOS,1.8015805915533333e-14,2.161896709864e-13,EXP-EH127-CMOS-NOM,125000000.0,[],True,common 16-cycle binary-count activity sample; exhaustive correctness is verified in Python,EH127,10.0,PTM-65nm-beta-2006,1.20642247994024,2.70237088733e-05,9.321746977177353e-15,ltspice/extended-hamming-12-7/EXP-EH127-CMOS-NOM.log,ltspice/extended-hamming-12-7/EXP-EH127-CMOS-NOM.cir,Validated,27.0,27.0,,27.0,3.4494698787950003e-10,3.16368210469e-10,3.7352576529e-10,264,,[],1.2,1.20448255539,-0.00193992455024
FSGDI,1.7001018198133334e-15,2.0401221837760002e-14,EXP-EH127-FSGDI-NOM,125000000.0,[],True,common 16-cycle binary-count activity sample; exhaustive correctness is verified in Python,EH127,10.0,PTM-65nm-beta-2006,1.21348346024712,2.55015272972e-06,1.094173785309568e-15,ltspice/extended-hamming-12-7/EXP-EH127-FSGDI-NOM.log,ltspice/extended-hamming-12-7/EXP-EH127-FSGDI-NOM.cir,Validated,27.0,27.0,,27.0,4.290620606985e-10,3.65421980941e-10,4.92702140456e-10,132,,[],1.2,1.20748758316,-0.00599587708712
HYBRID_A,1.7224497388133332e-14,2.066939686576e-13,EXP-EH127-HYBRID_A-NOM,125000000.0,[],True,common 16-cycle binary-count activity sample; exhaustive correctness is verified in Python,EH127,10.0,PTM-65nm-beta-2006,1.2039392717391801,2.58367460822e-05,7.202856205954217e-15,ltspice/extended-hamming-12-7/EXP-EH127-HYBRID_A-NOM.log,ltspice/extended-hamming-12-7/EXP-EH127-HYBRID_A-NOM.cir,Validated,27.0,27.0,,27.0,2.787834111555e-10,2.62388332395e-10,2.95178489916e-10,220,,[],1.2,1.20271015167,-0.00122912006918
HYBRID_B,7.468613760533334e-15,8.96233651264e-14,EXP-EH127-HYBRID_B-NOM,125000000.0,[],True,common 16-cycle binary-count activity sample; exhaustive correctness is verified in Python,EH127,10.0,PTM-65nm-beta-2006,1.20417936646418,1.12029206408e-05,2.418109769001139e-15,ltspice/extended-hamming-12-7/EXP-EH127-HYBRID_B-NOM.log,ltspice/extended-hamming-12-7/EXP-EH127-HYBRID_B-NOM.cir,Validated,27.0,27.0,,27.0,2.158463713645e-10,2.06937039854e-10,2.24755702875e-10,152,,[],1.2,1.20272493362,-0.00145443284418
CMOS,3.4382915918133335e-15,4.1259499101760003e-14,EXP-EH127-CMOS-VDD06,125000000.0,[],True,common 16-cycle binary-count activity sample; exhaustive correctness is verified in Python,EH127,10.0,PTM-65nm-beta-2006,0.6079233135101499,5.15743738772e-06,6.175952164211822e-15,ltspice/extended-hamming-12-7/EXP-EH127-CMOS-VDD06.log,ltspice/extended-hamming-12-7/EXP-EH127-CMOS-VDD06.cir,Validated,27.0,27.0,,27.0,1.1974846614555e-09,9.71254092061e-10,1.42371523085e-09,264,,[],0.6,0.604710400105,-0.00321291340515
FSGDI,1.4588541765933334e-16,1.750625011912e-15,EXP-EH127-FSGDI-VDD06,125000000.0,[],True,common 16-cycle binary-count activity sample; exhaustive correctness is verified in Python,EH127,10.0,PTM-65nm-beta-2006,0.6070750937799,2.18828126489e-07,4.0578804420412656e-16,ltspice/extended-hamming-12-7/EXP-EH127-FSGDI-VDD06.log,ltspice/extended-hamming-12-7/EXP-EH127-FSGDI-VDD06.cir,Validated,27.0,27.0,,27.0,1.854368772035e-09,1.24865603897e-09,2.4600815051e-09,132,,[],0.6,0.60404253006,-0.0030325637199
HYBRID_A,3.4364985581066664e-15,4.123798269728e-14,EXP-EH127-HYBRID_A-VDD06,125000000.0,[],True,common 16-cycle binary-count activity sample; exhaustive correctness is verified in Python,EH127,10.0,PTM-65nm-beta-2006,0.6069162448401401,5.15474783716e-06,4.589734425117341e-15,ltspice/extended-hamming-12-7/EXP-EH127-HYBRID_A-VDD06.log,ltspice/extended-hamming-12-7/EXP-EH127-HYBRID_A-VDD06.cir,Validated,27.0,27.0,,27.0,8.903897086935e-10,7.72160163157e-10,1.00861925423e-09,220,,[],0.6,0.604091644287,-0.00282460055314
HYBRID_B,1.6520033873399999e-15,1.982404064808e-14,EXP-EH127-HYBRID_B-VDD06,125000000.0,[],True,common 16-cycle binary-count activity sample; exhaustive correctness is verified in Python,EH127,10.0,PTM-65nm-beta-2006,0.60687534767165,2.47800508101e-06,2.2832051932251962e-15,ltspice/extended-hamming-12-7/EXP-EH127-HYBRID_B-VDD06.log,ltspice/extended-hamming-12-7/EXP-EH127-HYBRID_B-VDD06.cir,Validated,27.0,27.0,,27.0,9.213884227770001e-10,7.69425805744e-10,1.07335103981e-09,152,,[],0.6,0.604020118713,-0.00285522895865
CMOS,6.419253682999999e-15,7.703104419599999e-14,EXP-EH127-CMOS-VDD08,125000000.0,[],True,common 16-cycle binary-count activity sample; exhaustive correctness is verified in Python,EH127,10.0,PTM-65nm-beta-2006,0.80862577399212,9.6288805245e-06,5.638083004208038e-15,ltspice/extended-hamming-12-7/EXP-EH127-CMOS-VDD08.log,ltspice/extended-hamming-12-7/EXP-EH127-CMOS-VDD08.cir,Validated,27.0,27.0,,27.0,5.855387851019999e-10,4.91078693941e-10,6.79998876263e-10,264,,[],0.8,0.805403769016,-0.00322200497612
FSGDI,3.3712579672400003e-16,4.045509560688e-15,EXP-EH127-FSGDI-VDD08,125000000.0,[],True,common 16-cycle binary-count activity sample; exhaustive correctness is verified in Python,EH127,10.0,PTM-65nm-beta-2006,0.80966090224656,5.05688695086e-07,4.342177591421571e-16,ltspice/extended-hamming-12-7/EXP-EH127-FSGDI-VDD08.log,ltspice/extended-hamming-12-7/EXP-EH127-FSGDI-VDD08.cir,Validated,27.0,27.0,,27.0,8.586661385980001e-10,6.62608788416e-10,1.05472348878e-09,132,,[],0.8,0.804749369621,-0.00491153262556
HYBRID_A,6.352420347586667e-15,7.622904417104e-14,EXP-EH127-HYBRID_A-VDD08,125000000.0,[],True,common 16-cycle binary-count activity sample; exhaustive correctness is verified in Python,EH127,10.0,PTM-65nm-beta-2006,0.8064479331948801,9.52863052138e-06,4.422445429978973e-15,ltspice/extended-hamming-12-7/EXP-EH127-HYBRID_A-VDD08.log,ltspice/extended-hamming-12-7/EXP-EH127-HYBRID_A-VDD08.cir,Validated,27.0,27.0,,27.0,4.641218294755e-10,4.16188186501e-10,5.1205547245e-10,220,,[],0.8,0.804026007652,-0.00242192554288
HYBRID_B,2.9958108782933336e-15,3.594973053952e-14,EXP-EH127-HYBRID_B-VDD08,125000000.0,[],True,common 16-cycle binary-count activity sample; exhaustive correctness is verified in Python,EH127,10.0,PTM-65nm-beta-2006,0.806267519016,4.49371631744e-06,1.860899968245824e-15,ltspice/extended-hamming-12-7/EXP-EH127-HYBRID_B-VDD08.log,ltspice/extended-hamming-12-7/EXP-EH127-HYBRID_B-VDD08.cir,Validated,27.0,27.0,,27.0,4.14111580881e-10,3.64805710779e-10,4.63417450983e-10,152,,[],0.8,0.804038167,-0.002229352016
CMOS,1.1136574381799998e-14,1.3363889258159998e-13,EXP-EH127-CMOS-VDD10,125000000.0,[],True,common 16-cycle binary-count activity sample; exhaustive correctness is verified in Python,EH127,10.0,PTM-65nm-beta-2006,1.00806925259379,1.67048615727e-05,7.0302259413394864e-15,ltspice/extended-hamming-12-7/EXP-EH127-CMOS-VDD10.log,ltspice/extended-hamming-12-7/EXP-EH127-CMOS-VDD10.cir,Validated,27.0,27.0,,27.0,4.2084909897300003e-10,3.73010540925e-10,4.68687657021e-10,264,,[],1.0,1.00519633293,-0.00287291966379
FSGDI,7.976704263333333e-16,9.572045116e-15,EXP-EH127-FSGDI-VDD10,125000000.0,[],True,common 16-cycle binary-count activity sample; exhaustive correctness is verified in Python,EH127,10.0,PTM-65nm-beta-2006,1.01103796390855,1.1965056395e-06,6.690597529323252e-16,ltspice/extended-hamming-12-7/EXP-EH127-FSGDI-VDD10.log,ltspice/extended-hamming-12-7/EXP-EH127-FSGDI-VDD10.cir,Validated,27.0,27.0,,27.0,5.59178102338e-10,4.57559674828e-10,6.60796529848e-10,132,,[],1.0,1.00635778904,-0.00468017486855
HYBRID_A,1.0784089013266667e-14,1.294090681592e-13,EXP-EH127-HYBRID_A-VDD10,125000000.0,[],True,common 16-cycle binary-count activity sample; exhaustive correctness is verified in Python,EH127,10.0,PTM-65nm-beta-2006,1.00496598879963,1.61761335199e-05,5.497440476902915e-15,ltspice/extended-hamming-12-7/EXP-EH127-HYBRID_A-VDD10.log,ltspice/extended-hamming-12-7/EXP-EH127-HYBRID_A-VDD10.cir,Validated,27.0,27.0,,27.0,3.3984885635e-10,3.15730619464e-10,3.63967093236e-10,220,,[],1.0,1.00335872173,-0.00160726706963
HYBRID_B,4.872803074246667e-15,5.847363689096001e-14,EXP-EH127-HYBRID_B-VDD10,125000000.0,[],True,common 16-cycle binary-count activity sample; exhaustive correctness is verified in Python,EH127,10.0,PTM-65nm-beta-2006,1.0050929343598,7.30920461137e-06,2.010637542989368e-15,ltspice/extended-hamming-12-7/EXP-EH127-HYBRID_B-VDD10.log,ltspice/extended-hamming-12-7/EXP-EH127-HYBRID_B-VDD10.cir,Validated,27.0,27.0,,27.0,2.75082946763e-10,2.55716156655e-10,2.94449736871e-10,152,,[],1.0,1.00334644318,-0.0017464911798
CMOS,1.7022355489333334e-14,2.04268265872e-13,EXP-EH127-CMOS-TM20,125000000.0,[],True,common 16-cycle binary-count activity sample; exhaustive correctness is verified in Python,EH127,10.0,PTM-65nm-beta-2006,1.21046430896715,2.5533533234e-05,6.772482920155492e-15,ltspice/extended-hamming-12-7/EXP-EH127-CMOS-TM20.log,ltspice/extended-hamming-12-7/EXP-EH127-CMOS-TM20.cir,Validated,-20.0,-20.0,,27.0,2.652387688805e-10,2.72321928262e-10,2.58155609499e-10,264,,[],1.2,1.20682108402,-0.00364322494715
FSGDI,1.3652610407199999e-15,1.638313248864e-14,EXP-EH127-FSGDI-TM20,125000000.0,[],True,common 16-cycle binary-count activity sample; exhaustive correctness is verified in Python,EH127,10.0,PTM-65nm-beta-2006,1.21434556925692,2.04789156108e-06,6.062081766796836e-16,ltspice/extended-hamming-12-7/EXP-EH127-FSGDI-TM20.log,ltspice/extended-hamming-12-7/EXP-EH127-FSGDI-TM20.cir,Validated,-20.0,-20.0,,27.0,2.960157599165e-10,2.75721687503e-10,3.1630983233e-10,132,,[],1.2,1.20831155777,-0.00603401148692
HYBRID_A,1.6210605021066666e-14,1.945272602528e-13,EXP-EH127-HYBRID_A-TM20,125000000.0,[],True,common 16-cycle binary-count activity sample; exhaustive correctness is verified in Python,EH127,10.0,PTM-65nm-beta-2006,1.20514594135126,2.43159075316e-05,5.2145644813325526e-15,ltspice/extended-hamming-12-7/EXP-EH127-HYBRID_A-TM20.log,ltspice/extended-hamming-12-7/EXP-EH127-HYBRID_A-TM20.cir,Validated,-20.0,-20.0,,27.0,2.144507448285e-10,2.18577476362e-10,2.10324013295e-10,220,,[],1.2,1.20400130749,-0.00114463386126
HYBRID_B,7.1536304238e-15,8.58435650856e-14,EXP-EH127-HYBRID_B-TM20,125000000.0,[],True,common 16-cycle binary-count activity sample; exhaustive correctness is verified in Python,EH127,10.0,PTM-65nm-beta-2006,1.20519220817125,1.07304456357e-05,1.6816510376844142e-15,ltspice/extended-hamming-12-7/EXP-EH127-HYBRID_B-TM20.log,ltspice/extended-hamming-12-7/EXP-EH127-HYBRID_B-TM20.cir,Validated,-20.0,-20.0,,27.0,1.56717725878e-10,1.60496552404e-10,1.52938899352e-10,152,,[],1.2,1.20346689224,-0.00172531593125
CMOS,2.0027178165333335e-14,2.40326137984e-13,EXP-EH127-CMOS-T85,125000000.0,[],True,common 16-cycle binary-count activity sample; exhaustive correctness is verified in Python,EH127,10.0,PTM-65nm-beta-2006,1.20583450480135,3.0040767248e-05,1.4440259922937952e-14,ltspice/extended-hamming-12-7/EXP-EH127-CMOS-T85.log,ltspice/extended-hamming-12-7/EXP-EH127-CMOS-T85.cir,Validated,85.0,85.0,,27.0,4.80688785467e-10,4.00181905253e-10,5.61195665681e-10,264,,[],1.2,1.20422780514,-0.00160669966135
FSGDI,2.2310673583e-15,2.67728082996e-14,EXP-EH127-FSGDI-T85,125000000.0,[],True,common 16-cycle binary-count activity sample; exhaustive correctness is verified in Python,EH127,10.0,PTM-65nm-beta-2006,1.20379681105564,3.34660103745e-06,2.1206166736192717e-15,ltspice/extended-hamming-12-7/EXP-EH127-FSGDI-T85.log,ltspice/extended-hamming-12-7/EXP-EH127-FSGDI-T85.cir,Validated,85.0,85.0,,27.0,6.33662826817e-10,4.99454346871e-10,7.67871306763e-10,132,,[],1.2,1.20200967789,-0.00178713316564
HYBRID_A,1.8638717217266667e-14,2.2366460660720002e-13,EXP-EH127-HYBRID_A-T85,125000000.0,[],True,common 16-cycle binary-count activity sample; exhaustive correctness is verified in Python,EH127,10.0,PTM-65nm-beta-2006,1.20409961324271,2.79580758259e-05,1.0562006148374176e-14,ltspice/extended-hamming-12-7/EXP-EH127-HYBRID_A-T85.log,ltspice/extended-hamming-12-7/EXP-EH127-HYBRID_A-T85.cir,Validated,85.0,85.0,,27.0,3.777801524735e-10,3.36487271987e-10,4.1907303296e-10,220,,[],1.2,1.20289862156,-0.00120099168271
HYBRID_B,8.086104701466665e-15,9.703325641759999e-14,EXP-EH127-HYBRID_B-T85,125000000.0,[],True,common 16-cycle binary-count activity sample; exhaustive correctness is verified in Python,EH127,10.0,PTM-65nm-beta-2006,1.20381218031883,1.21291570522e-05,3.7164438116691644e-15,ltspice/extended-hamming-12-7/EXP-EH127-HYBRID_B-T85.log,ltspice/extended-hamming-12-7/EXP-EH127-HYBRID_B-T85.cir,Validated,85.0,85.0,,27.0,3.064057787095e-10,2.76856894657e-10,3.35954662762e-10,152,,[],1.2,1.20246708393,-0.00134509638883
CMOS,1.2044188943666668e-14,1.4453026732400002e-13,EXP-EH127-CMOS-L01,125000000.0,[],True,common 16-cycle binary-count activity sample; exhaustive correctness is verified in Python,EH127,1.0,PTM-65nm-beta-2006,1.2264589108542001,1.80662834155e-05,4.1675595560631955e-15,ltspice/extended-hamming-12-7/EXP-EH127-CMOS-L01.log,ltspice/extended-hamming-12-7/EXP-EH127-CMOS-L01.cir,Validated,27.0,27.0,,27.0,2.306816216825e-10,2.18035547307e-10,2.43327696058e-10,264,,[],1.2,1.21619307995,-0.0102658309042
FSGDI,9.960090919e-16,1.19521091028e-14,EXP-EH127-FSGDI-L01,125000000.0,[],True,common 16-cycle binary-count activity sample; exhaustive correctness is verified in Python,EH127,1.0,PTM-65nm-beta-2006,1.2688187062731,1.49401363785e-06,2.2942633702365914e-16,ltspice/extended-hamming-12-7/EXP-EH127-FSGDI-L01.log,ltspice/extended-hamming-12-7/EXP-EH127-FSGDI-L01.cir,Validated,27.0,27.0,,27.0,1.535637501635e-10,1.41303726357e-10,1.6582377397e-10,132,,[],1.2,1.22809934616,-0.0407193601131
HYBRID_A,1.4856600594266665e-14,1.7827920713119998e-13,EXP-EH127-HYBRID_A-L01,125000000.0,[],True,common 16-cycle binary-count activity sample; exhaustive correctness is verified in Python,EH127,1.0,PTM-65nm-beta-2006,1.3708125054834999,2.22849008914e-05,5.716590093430879e-15,ltspice/extended-hamming-12-7/EXP-EH127-HYBRID_A-L01.log,ltspice/extended-hamming-12-7/EXP-EH127-HYBRID_A-L01.cir,Rejected,27.0,27.0,,27.0,2.565230207345e-10,2.42821595027e-10,2.70224446442e-10,220,,"[""output_outside_supply""]",1.2,1.27257668972,-0.0982358157635
HYBRID_B,2.844180857366667e-15,3.41301702884e-14,EXP-EH127-HYBRID_B-L01,125000000.0,[],True,common 16-cycle binary-count activity sample; exhaustive correctness is verified in Python,EH127,1.0,PTM-65nm-beta-2006,1.3662029802806999,4.26627128605e-06,7.306694812482312e-16,ltspice/extended-hamming-12-7/EXP-EH127-HYBRID_B-L01.log,ltspice/extended-hamming-12-7/EXP-EH127-HYBRID_B-L01.cir,Rejected,27.0,27.0,,27.0,1.7126653048e-10,1.6338159664e-10,1.7915146432e-10,152,,"[""output_outside_supply""]",1.2,1.27177143097,-0.0944315493107
CMOS,1.39612237672e-14,1.675346852064e-13,EXP-EH127-CMOS-L05,125000000.0,[],True,common 16-cycle binary-count activity sample; exhaustive correctness is verified in Python,EH127,5.0,PTM-65nm-beta-2006,1.21176143130114,2.09418356508e-05,5.273489046206532e-15,ltspice/extended-hamming-12-7/EXP-EH127-CMOS-L05.log,ltspice/extended-hamming-12-7/EXP-EH127-CMOS-L05.cir,Validated,27.0,27.0,,27.0,2.51815988538e-10,2.26126100374e-10,2.77505876702e-10,264,,[],1.2,1.20715177059,-0.00460966071114
FSGDI,1.2734451465133331e-15,1.5281341758159998e-14,EXP-EH127-FSGDI-L05,125000000.0,[],True,common 16-cycle binary-count activity sample; exhaustive correctness is verified in Python,EH127,5.0,PTM-65nm-beta-2006,1.2285236436831999,1.91016771977e-06,5.198572308228602e-16,ltspice/extended-hamming-12-7/EXP-EH127-FSGDI-L05.log,ltspice/extended-hamming-12-7/EXP-EH127-FSGDI-L05.cir,Validated,27.0,27.0,,27.0,2.721526625345e-10,2.31756956791e-10,3.12548368278e-10,132,,[],1.2,1.21270871162,-0.0158149320632
HYBRID_A,1.5317844474200002e-14,1.8381413369040002e-13,EXP-EH127-HYBRID_A-L05,125000000.0,[],True,common 16-cycle binary-count activity sample; exhaustive correctness is verified in Python,EH127,5.0,PTM-65nm-beta-2006,1.20649365242964,2.29767667113e-05,5.317994766366992e-15,ltspice/extended-hamming-12-7/EXP-EH127-HYBRID_A-L05.log,ltspice/extended-hamming-12-7/EXP-EH127-HYBRID_A-L05.cir,Validated,27.0,27.0,,27.0,2.314509623215e-10,2.21579868713e-10,2.4132205593e-10,220,,[],1.2,1.20448982716,-0.00200382526964
HYBRID_B,4.916201114133334e-15,5.89944133696e-14,EXP-EH127-HYBRID_B-L05,125000000.0,[],True,common 16-cycle binary-count activity sample; exhaustive correctness is verified in Python,EH127,5.0,PTM-65nm-beta-2006,1.2066602755802098,7.3743016712e-06,1.4240489292390649e-15,ltspice/extended-hamming-12-7/EXP-EH127-HYBRID_B-L05.log,ltspice/extended-hamming-12-7/EXP-EH127-HYBRID_B-L05.cir,Validated,27.0,27.0,,27.0,1.931096655295e-10,1.84813144031e-10,2.01406187028e-10,152,,[],1.2,1.20461666584,-0.00204360974021
CMOS,2.6006667777599996e-14,3.1208001333119997e-13,EXP-EH127-CMOS-L20,125000000.0,[],True,common 16-cycle binary-count activity sample; exhaustive correctness is verified in Python,EH127,20.0,PTM-65nm-beta-2006,1.20355841703236,3.90100016664e-05,1.5792733810737175e-14,ltspice/extended-hamming-12-7/EXP-EH127-CMOS-L20.log,ltspice/extended-hamming-12-7/EXP-EH127-CMOS-L20.cir,Validated,27.0,27.0,,27.0,4.0483807065149997e-10,3.53246494861e-10,4.56429646442e-10,264,,[],1.2,1.2024077177,-0.00115069933236
FSGDI,2.5589809422199996e-15,3.0707771306639997e-14,EXP-EH127-FSGDI-L20,125000000.0,[],True,common 16-cycle binary-count activity sample; exhaustive correctness is verified in Python,EH127,20.0,PTM-65nm-beta-2006,1.20287619391487,3.83847141333e-06,2.8870553714036124e-15,ltspice/extended-hamming-12-7/EXP-EH127-FSGDI-L20.log,ltspice/extended-hamming-12-7/EXP-EH127-FSGDI-L20.cir,Validated,27.0,27.0,,27.0,7.521367389575e-10,6.51171917232e-10,8.53101560683e-10,132,,[],1.2,1.20151758194,-0.00135861197487
HYBRID_A,2.4440780191333334e-14,2.93289362296e-13,EXP-EH127-HYBRID_A-L20,125000000.0,[],True,common 16-cycle binary-count activity sample; exhaustive correctness is verified in Python,EH127,20.0,PTM-65nm-beta-2006,1.201630441119109,3.6661170287e-05,1.4157874390302852e-14,ltspice/extended-hamming-12-7/EXP-EH127-HYBRID_A-L20.log,ltspice/extended-hamming-12-7/EXP-EH127-HYBRID_A-L20.cir,Validated,27.0,27.0,,27.0,3.8618173613850004e-10,3.48847202728e-10,4.23516269549e-10,220,,[],1.2,1.20092797279,-0.000702468329109
HYBRID_B,1.2575404387666667e-14,1.50904852652e-13,EXP-EH127-HYBRID_B-L20,125000000.0,[],True,common 16-cycle binary-count activity sample; exhaustive correctness is verified in Python,EH127,20.0,PTM-65nm-beta-2006,1.202308938544386,1.88631065815e-05,4.910062119942397e-15,ltspice/extended-hamming-12-7/EXP-EH127-HYBRID_B-L20.log,ltspice/extended-hamming-12-7/EXP-EH127-HYBRID_B-L20.cir,Validated,27.0,27.0,,27.0,2.6029976020800003e-10,2.49655828492e-10,2.70943691924e-10,152,,[],1.2,1.20155727863,-0.000751659914386
CMOS,2.1666052054466666e-14,2.599926246536e-13,EXP-EH127-CMOS-F025,25000000.0,[],True,common 16-cycle binary-count activity sample; exhaustive correctness is verified in Python,EH127,10.0,PTM-65nm-beta-2006,1.2065727368499402,6.49981561634e-06,2.203410587507279e-15,ltspice/extended-hamming-12-7/EXP-EH127-CMOS-F025.log,ltspice/extended-hamming-12-7/EXP-EH127-CMOS-F025.cir,Validated,27.0,27.0,,27.0,3.3899586043150004e-10,3.04465955573e-10,3.7352576529e-10,264,,[],1.2,1.20447635651,-0.00209638033994
FSGDI,2.8634621912966666e-15,3.436154629556e-14,EXP-EH127-FSGDI-F025,25000000.0,[],True,common 16-cycle binary-count activity sample; exhaustive correctness is verified in Python,EH127,10.0,PTM-65nm-beta-2006,1.2131228507448302,8.59038657389e-07,3.6859905714948986e-16,ltspice/extended-hamming-12-7/EXP-EH127-FSGDI-F025.log,ltspice/extended-hamming-12-7/EXP-EH127-FSGDI-F025.cir,Validated,27.0,27.0,,27.0,4.2908320129600003e-10,3.65464262136e-10,4.92702140456e-10,132,,[],1.2,1.20751368999,-0.00560916075483
HYBRID_A,2.1324110319766667e-14,2.558893238372e-13,EXP-EH127-HYBRID_A-F025,25000000.0,[],True,common 16-cycle binary-count activity sample; exhaustive correctness is verified in Python,EH127,10.0,PTM-65nm-beta-2006,1.20393795554684,6.39723309593e-06,1.783442438301131e-15,ltspice/extended-hamming-12-7/EXP-EH127-HYBRID_A-F025.log,ltspice/extended-hamming-12-7/EXP-EH127-HYBRID_A-F025.cir,Validated,27.0,27.0,,27.0,2.7878340706950003e-10,2.62388324223e-10,2.95178489916e-10,220,,[],1.2,1.20271003246,-0.00122792308684
HYBRID_B,9.108639474366666e-15,1.0930367369239999e-13,EXP-EH127-HYBRID_B-F025,25000000.0,[],True,common 16-cycle binary-count activity sample; exhaustive correctness is verified in Python,EH127,10.0,PTM-65nm-beta-2006,1.20427411527109,2.73259184231e-06,5.898247832359919e-16,ltspice/extended-hamming-12-7/EXP-EH127-HYBRID_B-F025.log,ltspice/extended-hamming-12-7/EXP-EH127-HYBRID_B-F025.cir,Validated,27.0,27.0,,27.0,2.15848109514e-10,2.06940516153e-10,2.24755702875e-10,152,,[],1.2,1.2028182745,-0.00145584077109
CMOS,1.768811967575e-14,2.1225743610899998e-13,EXP-EH127-CMOS-F200,200000000.0,[],True,common 16-cycle binary-count activity sample; exhaustive correctness is verified in Python,EH127,10.0,PTM-65nm-beta-2006,1.20640772127084,4.24514872218e-05,1.4671348054332687e-14,ltspice/extended-hamming-12-7/EXP-EH127-CMOS-F200.log,ltspice/extended-hamming-12-7/EXP-EH127-CMOS-F200.cir,Validated,27.0,27.0,,27.0,3.4560268707850004e-10,3.17679608867e-10,3.7352576529e-10,264,,[],1.2,1.20445561409,-0.00195210718084
FSGDI,1.5680057609083333e-15,1.88160691309e-14,EXP-EH127-FSGDI-F200,200000000.0,[],True,common 16-cycle binary-count activity sample; exhaustive correctness is verified in Python,EH127,10.0,PTM-65nm-beta-2006,1.21092821285432,3.76321382618e-06,1.6117772585518403e-15,ltspice/extended-hamming-12-7/EXP-EH127-FSGDI-F200.log,ltspice/extended-hamming-12-7/EXP-EH127-FSGDI-F200.cir,Validated,27.0,27.0,,27.0,4.282980805765e-10,3.63894020697e-10,4.92702140456e-10,132,,[],1.2,1.20531690121,-0.00561131164432
HYBRID_A,1.691041596625e-14,2.0292499159500002e-13,EXP-EH127-HYBRID_A-F200,200000000.0,[],True,common 16-cycle binary-count activity sample; exhaustive correctness is verified in Python,EH127,10.0,PTM-65nm-beta-2006,1.203659172227947,4.0584998319e-05,1.1314366201802408e-14,ltspice/extended-hamming-12-7/EXP-EH127-HYBRID_A-F200.log,ltspice/extended-hamming-12-7/EXP-EH127-HYBRID_A-F200.cir,Validated,27.0,27.0,,27.0,2.78781980299e-10,2.62385470682e-10,2.95178489916e-10,220,,[],1.2,1.20270717144,-0.000952000787947
HYBRID_B,7.344469571291667e-15,8.81336348555e-14,EXP-EH127-HYBRID_B-F200,200000000.0,[],True,common 16-cycle binary-count activity sample; exhaustive correctness is verified in Python,EH127,10.0,PTM-65nm-beta-2006,1.20410735474564,1.76267269711e-05,3.804869283577522e-15,ltspice/extended-hamming-12-7/EXP-EH127-HYBRID_B-F200.log,ltspice/extended-hamming-12-7/EXP-EH127-HYBRID_B-F200.cir,Validated,27.0,27.0,,27.0,2.15857957624e-10,2.06960212373e-10,2.24755702875e-10,152,,[],1.2,1.20281815529,-0.00128919945564
